[
  {
    "name": "1und1",
    "category": "Telefonie, Internet, Fernsehen und Hosting",
    "categoryId": "033",
    "logoImg": "1und1.png",
    "linkDE": "https://1und1-partner.de/shop/mein-shop.html?ps_id=P850158455",
    "linkAT": "",
    "linkCH": "",
    "linkWW": ""
  },
  {
    "name": "Ab in den Urlaub",
    "category": "Reisen, Hotels und Tourismus",
    "categoryId": "027",
    "logoImg": "ab in den urlaub.png",
    "linkDE": "https://www.awin1.com/cread.php?awinmid=9369&awinaffid=1219038&ued=https%3A%2F%2Fwww.ab-in-den-urlaub.de%2F",
    "linkAT": "https://www.awin1.com/cread.php?awinmid=15612&awinaffid=1219038&ued=https%3A%2F%2Fwww.ab-in-den-urlaub.at%2F",
    "linkCH": "https://www.awin1.com/cread.php?awinmid=15613&awinaffid=1219038&ued=https%3A%2F%2Fwww.ab-in-den-urlaub.ch%2F",
    "linkWW": ""
  },
  {
    "name": "Adticket",
    "category": "Events und Tickets",
    "categoryId": "009",
    "logoImg": "adticket.png",
    "linkDE": "https://www.awin1.com/cread.php?awinmid=18490&awinaffid=1219038&ued=https%3A%2F%2Fwww.adticket.de%2F",
    "linkAT": "",
    "linkCH": "",
    "linkWW": ""
  },
  {
    "name": "AliExpress",
    "category": "Universalhändler und Generalisten",
    "categoryId": "034",
    "logoImg": "aliexpress.png",
    "linkDE": "https://alitems.co/g/1e8d1144945403f454b416525dc3e8/",
    "linkAT": "https://alitems.co/g/1e8d1144945403f454b416525dc3e8/",
    "linkCH": "https://alitems.co/g/1e8d1144945403f454b416525dc3e8/",
    "linkWW": "https://alitems.co/g/1e8d1144945403f454b416525dc3e8/"
  },
  {
    "name": "Amazon",
    "category": "Universalhändler und Generalisten",
    "categoryId": "034",
    "logoImg": "amazon.png",
    "linkDE": "https://amzn.to/3IAh2BQ",
    "linkAT": "https://amzn.to/3IAh2BQ",
    "linkCH": "https://amzn.to/3IAh2BQ",
    "linkWW": "https://amzn.to/3IAh2BQ"
  },
  {
    "name": "Apothekesofort",
    "category": "Gesundheit und Pharmazie",
    "categoryId": "016",
    "logoImg": "apothekesofort.png",
    "linkDE": "https://www.awin1.com/cread.php?awinmid=39296&awinaffid=1219038&ued=https%3A%2F%2Fapothekesofort.com%2F",
    "linkAT": "https://www.awin1.com/cread.php?awinmid=39296&awinaffid=1219038&ued=https%3A%2F%2Fapothekesofort.com%2F",
    "linkCH": "https://www.awin1.com/cread.php?awinmid=39296&awinaffid=1219038&ued=https%3A%2F%2Fapothekesofort.com%2F",
    "linkWW": "https://www.awin1.com/cread.php?awinmid=39296&awinaffid=1219038&ued=https%3A%2F%2Fapothekesofort.com%2F"
  },
  {
    "name": "Auxmoney",
    "category": "Geld, Finanzen, Recht, Steuern und Versicherung",
    "categoryId": "015",
    "logoImg": "auxmoney.png",
    "linkDE": "https://partner.auxmoney.com/go.cgi?pid=10016946&wmid=54&cpid=1&prid=1&subid=&target=Startseite",
    "linkAT": "",
    "linkCH": "",
    "linkWW": ""
  },
  {
    "name": "Avocadostore",
    "category": "Mode, Bekleidung, Schuhe, Schmuck und Accessoires",
    "categoryId": "024",
    "logoImg": "avocadostore.png",
    "linkDE": "https://www.awin1.com/cread.php?awinmid=19075&awinaffid=1219038&ued=https%3A%2F%2Fwww.avocadostore.de%2F",
    "linkAT": "https://www.awin1.com/cread.php?awinmid=28743&awinaffid=1219038&ued=https%3A%2F%2Fwww.avocadostore.at%2F",
    "linkCH": "",
    "linkWW": ""
  },
  {
    "name": "baby-markt ",
    "category": "Babys, Kinder und Spielzeug",
    "categoryId": "003",
    "logoImg": "babymarkt.png",
    "linkDE": "https://www.awin1.com/cread.php?awinmid=14824&awinaffid=1219038&ued=https%3A%2F%2Fwww.babymarkt.de%2F",
    "linkAT": "https://www.awin1.com/cread.php?awinmid=14329&awinaffid=1219038&ued=https%3A%2F%2Fwww.baby-markt.at%2F",
    "linkCH": "https://www.awin1.com/cread.php?awinmid=14311&awinaffid=1219038&ued=https%3A%2F%2Fwww.baby-markt.ch%2F",
    "linkWW": ""
  },
  {
    "name": "Babyprofi",
    "category": "Babys, Kinder und Spielzeug",
    "categoryId": "003",
    "logoImg": "babyprofi.png",
    "linkDE": "https://www.awin1.com/cread.php?awinmid=14986&awinaffid=1219038&ued=https%3A%2F%2Fbabyprofi.de%2F",
    "linkAT": "https://www.awin1.com/cread.php?awinmid=14986&awinaffid=1219038&ued=https%3A%2F%2Fbabyprofi.de%2F",
    "linkCH": "",
    "linkWW": ""
  },
  {
    "name": "Baldur-Garten",
    "category": "Garten, Pflanzen und Gartentechnik",
    "categoryId": "013",
    "logoImg": "baldur-garten.png",
    "linkDE": "https://www.awin1.com/cread.php?awinmid=13634&awinaffid=1219038&ued=https%3A%2F%2Fwww.baldur-garten.de%2F",
    "linkAT": "https://www.awin1.com/cread.php?awinmid=14358&awinaffid=1219038&ued=https%3A%2F%2Fwww.baldur-garten.at%2F",
    "linkCH": "https://www.awin1.com/cread.php?awinmid=14591&awinaffid=1219038&ued=https%3A%2F%2Fwww.baldur-garten.ch%2F",
    "linkWW": ""
  },
  {
    "name": "Baur Versand",
    "category": "Mode, Bekleidung, Schuhe, Schmuck und Accessoires",
    "categoryId": "024",
    "logoImg": "baur.png",
    "linkDE": "https://www.awin1.com/cread.php?awinmid=14537&awinaffid=1219038&ued=https%3A%2F%2Fwww.baur.de%2F",
    "linkAT": "",
    "linkCH": "",
    "linkWW": ""
  },
  {
    "name": "Beautywelt",
    "category": "Beauty und Drogerie",
    "categoryId": "005",
    "logoImg": "beautywelt.png",
    "linkDE": "https://www.awin1.com/cread.php?awinmid=22835&awinaffid=1219038&ued=https%3A%2F%2Fwww.beautywelt.de%2F",
    "linkAT": "https://www.awin1.com/cread.php?awinmid=22835&awinaffid=1219038&ued=https%3A%2F%2Fwww.beautywelt.de%2F",
    "linkCH": "https://www.awin1.com/cread.php?awinmid=22835&awinaffid=1219038&ued=https%3A%2F%2Fwww.beautywelt.de%2F",
    "linkWW": ""
  },
  {
    "name": "Bonprix",
    "category": "Mode, Bekleidung, Schuhe, Schmuck und Accessoires",
    "categoryId": "024",
    "logoImg": "bonprix.png",
    "linkDE": "https://clk.tradedoubler.com/click?p=305884&a=3292679&url=https%3A%2F%2Fwww.bonprix.de%2F",
    "linkAT": "https://www.awin1.com/cread.php?awinmid=14480&awinaffid=1219038&ued=https%3A%2F%2Fwww.bonprix.at%2F",
    "linkCH": "https://www.awin1.com/cread.php?awinmid=13769&awinaffid=1219038&ued=https%3A%2F%2Fwww.bonprix.ch%2F",
    "linkWW": ""
  },
  {
    "name": "Booking.com",
    "category": "Reisen, Hotels und Tourismus",
    "categoryId": "027",
    "logoImg": "booking.com.png",
    "linkDE": "https://www.booking.com/index.html?aid=7975447",
    "linkAT": "https://www.booking.com/index.html?aid=7975447",
    "linkCH": "https://www.booking.com/index.html?aid=7975447",
    "linkWW": "https://www.booking.com/index.html?aid=7975447"
  },
  {
    "name": "Brille24",
    "category": "Optiker und Hörgeräteakustiker",
    "categoryId": "026",
    "logoImg": "brille24.png",
    "linkDE": "https://www.awin1.com/cread.php?awinmid=11199&awinaffid=1219038&ued=https%3A%2F%2Fwww.brille24.de%2F",
    "linkAT": "https://www.awin1.com/cread.php?awinmid=11199&awinaffid=1219038&ued=https%3A%2F%2Fwww.brille24.de%2F",
    "linkCH": "",
    "linkWW": ""
  },
  {
    "name": "BullionVault",
    "category": "Gold und Silberkauf",
    "categoryId": "018",
    "logoImg": "bullionvault.png",
    "linkDE": "https://www.bullionvaultaffiliate.com/herzzeigen/de",
    "linkAT": "https://www.bullionvaultaffiliate.com/herzzeigen/de",
    "linkCH": "https://www.bullionvaultaffiliate.com/herzzeigen/de",
    "linkWW": "https://www.bullionvaultaffiliate.com/herzzeigen/de"
  },
  {
    "name": "Büroshop24",
    "category": "Büro und Homeoffice",
    "categoryId": "008",
    "logoImg": "büroshop24.png",
    "linkDE": "https://www.awin1.com/cread.php?awinmid=14947&awinaffid=1219038&ued=https%3A%2F%2Fwww.bueroshop24.de%2F",
    "linkAT": "",
    "linkCH": "",
    "linkWW": ""
  },
  {
    "name": "Butlers",
    "category": "Wohnen, Möbel, Küche, Bad, Schlafzimmer und Haushalt",
    "categoryId": "038",
    "logoImg": "butlers.png",
    "linkDE": "https://www.awin1.com/cread.php?awinmid=13886&awinaffid=1219038&ued=https%3A%2F%2Fwww.butlers.com%2F",
    "linkAT": "https://www.awin1.com/cread.php?awinmid=14621&awinaffid=1219038&ued=https%3A%2F%2Fwww.butlers.at%2F",
    "linkCH": "https://www.awin1.com/cread.php?awinmid=18440&awinaffid=1219038&ued=https%3A%2F%2Fwww.butlers.ch%2F",
    "linkWW": ""
  },
  {
    "name": "C&A",
    "category": "Mode, Bekleidung, Schuhe, Schmuck und Accessoires",
    "categoryId": "024",
    "logoImg": "c&a.png",
    "linkDE": "https://cdn.retailads.net/tc.php?t=152558C2167131339B",
    "linkAT": "https://cdn.retailads.net/tc.php?t=152558C2167131339B",
    "linkCH": "https://cdn.retailads.net/tc.php?t=152558C2167131339B",
    "linkWW": ""
  },
  {
    "name": "Check24",
    "category": "Geld, Finanzen, Recht, Steuern und Versicherung",
    "categoryId": "015",
    "logoImg": "check24.png",
    "linkDE": "https://www.awin1.com/cread.php?awinmid=9364&awinaffid=1219038&ued=https%3A%2F%2Fwww.check24.de%2F",
    "linkAT": "",
    "linkCH": "",
    "linkWW": ""
  },
  {
    "name": "Christ",
    "category": "Mode, Bekleidung, Schuhe, Schmuck und Accessoires",
    "categoryId": "024",
    "logoImg": "christ.png",
    "linkDE": "https://www.awin1.com/cread.php?awinmid=11786&awinaffid=1219038&ued=https%3A%2F%2Fwww.christ.de%2F",
    "linkAT": "https://www.awin1.com/cread.php?awinmid=11786&awinaffid=1219038&ued=https%3A%2F%2Fwww.christ.de%2F",
    "linkCH": "",
    "linkWW": ""
  },
  {
    "name": "Cyberport",
    "category": "Technik, Elektronik, Foto & Computer",
    "categoryId": "032",
    "logoImg": "cyberport.png",
    "linkDE": "https://www.awin1.com/cread.php?awinmid=11657&awinaffid=1219038&ued=https%3A%2F%2Fwww.cyberport.de%2F",
    "linkAT": "https://www.awin1.com/cread.php?awinmid=14046&awinaffid=1219038&ued=https%3A%2F%2Fwww.cyberport.at%2F",
    "linkCH": "",
    "linkWW": ""
  },
  {
    "name": "Depot Online",
    "category": "Wohnen, Möbel, Küche, Bad, Schlafzimmer und Haushalt",
    "categoryId": "038",
    "logoImg": "depot.png",
    "linkDE": "https://www.awin1.com/cread.php?awinmid=23091&awinaffid=1219038&ued=https%3A%2F%2Fwww.depot-online.de%2F",
    "linkAT": "https://www.awin1.com/cread.php?awinmid=23092&awinaffid=1219038&ued=https%3A%2F%2Fwww.depot-online.at%2Fde",
    "linkCH": "https://www.awin1.com/cread.php?awinmid=23094&awinaffid=1219038&ued=https%3A%2F%2Fwww.depot.ch%2F",
    "linkWW": ""
  },
  {
    "name": "Deutsche Bahn",
    "category": "Reisen, Hotels und Tourismus",
    "categoryId": "027",
    "logoImg": "deutsche bahn.png",
    "linkDE": "https://www.awin1.com/cread.php?awinmid=14964&awinaffid=1219038",
    "linkAT": "https://www.awin1.com/cread.php?awinmid=14964&awinaffid=1219038",
    "linkCH": "https://www.awin1.com/cread.php?awinmid=14964&awinaffid=1219038",
    "linkWW": "https://www.awin1.com/cread.php?awinmid=14964&awinaffid=1219038"
  },
  {
    "name": "E.ON",
    "category": "Versorgung und Energie",
    "categoryId": "037",
    "logoImg": "eon.png",
    "linkDE": "https://www.awin1.com/cread.php?awinmid=14115&awinaffid=1219038&ued=https%3A%2F%2Fwww.eon.de%2Fde%2Fpk.html",
    "linkAT": "",
    "linkCH": "",
    "linkWW": ""
  },
  {
    "name": "eBay",
    "category": "Universalhändler und Generalisten",
    "categoryId": "034",
    "logoImg": "ebay.png",
    "linkDE": "https://www.ebay.de/?mkcid=1&mkrid=707-53477-19255-0&siteid=77&campid=5338960420&customid=&toolid=10001&mkevt=1",
    "linkAT": "https://www.ebay.de/?mkcid=1&mkrid=707-53477-19255-0&siteid=77&campid=5338960420&customid=&toolid=10001&mkevt=1",
    "linkCH": "https://www.ebay.de/?mkcid=1&mkrid=707-53477-19255-0&siteid=77&campid=5338960420&customid=&toolid=10001&mkevt=1",
    "linkWW": "https://www.ebay.de/?mkcid=1&mkrid=707-53477-19255-0&siteid=77&campid=5338960420&customid=&toolid=10001&mkevt=1"
  },
  {
    "name": "Eis",
    "category": "Singlebörse und mehr",
    "categoryId": "029",
    "logoImg": "eis.png",
    "linkDE": "https://www.awin1.com/cread.php?awinmid=14702&awinaffid=1219038&ued=https%3A%2F%2Fwww.eis.de%2F",
    "linkAT": "https://www.awin1.com/cread.php?awinmid=15157&awinaffid=1219038&ued=https%3A%2F%2Fwww.eis.at%2F",
    "linkCH": "",
    "linkWW": ""
  },
  {
    "name": "Elite Partner",
    "category": "Singlebörse und mehr",
    "categoryId": "029",
    "logoImg": "elitepartner.png",
    "linkDE": "https://www.awin1.com/cread.php?awinmid=11791&awinaffid=1219038",
    "linkAT": "https://www.awin1.com/cread.php?awinmid=9391&awinaffid=1219038",
    "linkCH": "https://www.awin1.com/cread.php?awinmid=9306&awinaffid=1219038",
    "linkWW": ""
  },
  {
    "name": "Elopage",
    "category": "Marketing und Werbung",
    "categoryId": "022",
    "logoImg": "elopage.png",
    "linkDE": "https://elopage.com/users/sign_up?epid=1755",
    "linkAT": "https://elopage.com/users/sign_up?epid=1755",
    "linkCH": "https://elopage.com/users/sign_up?epid=1755",
    "linkWW": "https://elopage.com/users/sign_up?epid=1755"
  },
  {
    "name": "ELV",
    "category": "Smart Home",
    "categoryId": "030",
    "logoImg": "elv.png",
    "linkDE": "https://www.awin1.com/cread.php?awinmid=11447&awinaffid=1219038&ued=https%3A%2F%2Fde.elv.com%2F",
    "linkAT": "https://www.awin1.com/cread.php?awinmid=11650&awinaffid=1219038&ued=https%3A%2F%2Fde.elv.com%2F",
    "linkCH": "https://www.awin1.com/cread.php?awinmid=12513&awinaffid=1219038&ued=https%3A%2F%2Fch.elv.com%2F",
    "linkWW": ""
  },
  {
    "name": "EMP",
    "category": "Mode, Bekleidung, Schuhe, Schmuck und Accessoires",
    "categoryId": "024",
    "logoImg": "emp.png",
    "linkDE": "https://www.awin1.com/cread.php?awinmid=14172&awinaffid=1219038&ued=https%3A%2F%2Fwww.emp.de%2F",
    "linkAT": "https://www.awin1.com/cread.php?awinmid=14365&awinaffid=1219038&ued=https%3A%2F%2Fwww.emp.at%2F",
    "linkCH": "https://www.awin1.com/cread.php?awinmid=30613&awinaffid=1219038&ued=https%3A%2F%2Fwww.emp-online.ch%2F",
    "linkWW": ""
  },
  {
    "name": "Euronics",
    "category": "Technik, Elektronik, Foto & Computer",
    "categoryId": "032",
    "logoImg": "euronics.png",
    "linkDE": "https://www.awin1.com/cread.php?awinmid=14433&awinaffid=1219038&ued=https%3A%2F%2Fwww.euronics.de%2F",
    "linkAT": "",
    "linkCH": "",
    "linkWW": ""
  },
  {
    "name": "EWE",
    "category": "Versorgung und Energie",
    "categoryId": "037",
    "logoImg": "ewe.png",
    "linkDE": "https://www.awin1.com/cread.php?awinmid=11794&awinaffid=1219038",
    "linkAT": "",
    "linkCH": "",
    "linkWW": ""
  },
  {
    "name": "Expedia",
    "category": "Reisen, Hotels und Tourismus",
    "categoryId": "027",
    "logoImg": "expedia.png",
    "linkDE": "https://expedia.com/affiliate?siteid=1&landingPage=https%3A%2F%2Fwww.expedia.de%2F&camref=1011luX2h&creativeref=1100l86803",
    "linkAT": "https://expedia.com/affiliate?siteid=1&landingPage=https%3A%2F%2Fwww.expedia.de%2F&camref=1011luX2h&creativeref=1100l86803",
    "linkCH": "https://expedia.com/affiliate?siteid=1&landingPage=https%3A%2F%2Fwww.expedia.de%2F&camref=1011luX2h&creativeref=1100l86803",
    "linkWW": "https://expedia.com/affiliate?siteid=1&landingPage=https%3A%2F%2Fwww.expedia.com%2F%3Fsiteid%3D1%26langid%3D1033&camref=1011luX2k&creativeref=1100l68075"
  },
  {
    "name": "eXXpozed",
    "category": "Outdoor und Camping",
    "categoryId": "025",
    "logoImg": "exxpozed.png",
    "linkDE": "https://track.webgains.com/click.html?wgcampaignid=1647960&wgprogramid=269875&wgtarget=https://www.exxpozed.de/",
    "linkAT": "https://track.webgains.com/click.html?wgcampaignid=1647960&wgprogramid=269875&wgtarget=https://www.exxpozed.de/",
    "linkCH": "https://track.webgains.com/click.html?wgcampaignid=1647960&wgprogramid=269875&wgtarget=https://www.exxpozed.de/",
    "linkWW": ""
  },
  {
    "name": "Fahrrad-xxl",
    "category": "Fahrräder, Scooter, Roller, E-Bikes, Radsport",
    "categoryId": "010",
    "logoImg": "fahrradxxl.png",
    "linkDE": "https://yubcbv.fahrrad-xxl.de/ts/i5533923/tsc?amc=con.blbn.505844.516512.14129791&rmd=3&trg=https://www.fahrrad-xxl.de/",
    "linkAT": "",
    "linkCH": "",
    "linkWW": ""
  },
  {
    "name": "Fiverr",
    "category": "Marketing und Werbung",
    "categoryId": "022",
    "logoImg": "fiverr.png",
    "linkDE": "https://go.fiverr.com/visit/?bta=619583&brand=fb",
    "linkAT": "https://go.fiverr.com/visit/?bta=619583&brand=fb",
    "linkCH": "https://go.fiverr.com/visit/?bta=619583&brand=fb",
    "linkWW": "https://go.fiverr.com/visit/?bta=619583&brand=fb"
  },
  {
    "name": "Fleurop",
    "category": "Garten, Pflanzen und Gartentechnik",
    "categoryId": "013",
    "logoImg": "fleurop.png",
    "linkDE": "https://www.awin1.com/cread.php?awinmid=25092&awinaffid=1219038&ued=https%3A%2F%2Fwww.fleurop.de%2F",
    "linkAT": "https://www.awin1.com/cread.php?awinmid=25092&awinaffid=1219038&ued=https%3A%2F%2Fwww.fleurop.de%2F",
    "linkCH": "https://www.awin1.com/cread.php?awinmid=25092&awinaffid=1219038&ued=https%3A%2F%2Fwww.fleurop.de%2F",
    "linkWW": "https://www.awin1.com/cread.php?awinmid=25092&awinaffid=1219038&ued=https%3A%2F%2Fwww.fleurop.de%2F"
  },
  {
    "name": "Flixbus",
    "category": "Reisen, Hotels und Tourismus",
    "categoryId": "027",
    "logoImg": "flixbus.png",
    "linkDE": "https://www.awin1.com/cread.php?awinmid=13945&awinaffid=1219038&ued=https%3A%2F%2Fwww.flixbus.de%2F",
    "linkAT": "https://www.awin1.com/cread.php?awinmid=17560&awinaffid=1219038&ued=https%3A%2F%2Fwww.flixbus.at%2F",
    "linkCH": "https://www.awin1.com/cread.php?awinmid=17561&awinaffid=1219038&ued=https%3A%2F%2Fwww.flixbus.ch%2F",
    "linkWW": ""
  },
  {
    "name": "Fressnapf",
    "category": "Haustiere und Tierbedarf",
    "categoryId": "019",
    "logoImg": "fressnapf.png",
    "linkDE": "https://www.awin1.com/cread.php?awinmid=14757&awinaffid=1219038&ued=https%3A%2F%2Fwww.fressnapf.de%2F",
    "linkAT": "",
    "linkCH": "",
    "linkWW": ""
  },
  {
    "name": "FTI",
    "category": "Reisen, Hotels und Tourismus",
    "categoryId": "027",
    "logoImg": "fti.png",
    "linkDE": "https://www.awin1.com/cread.php?awinmid=14097&awinaffid=1219038&ued=https%3A%2F%2Fwww.fti.de%2F",
    "linkAT": "https://www.awin1.com/cread.php?awinmid=16454&awinaffid=1219038&ued=https%3A%2F%2Fwww.fti.at%2F",
    "linkCH": "https://www.awin1.com/cread.php?awinmid=16550&awinaffid=1219038&ued=https%3A%2F%2Fwww.fti.ch%2F",
    "linkWW": ""
  },
  {
    "name": "Geers Hörakustik",
    "category": "Optiker und Hörgeräteakustiker",
    "categoryId": "026",
    "logoImg": "geers hörakustik.png",
    "linkDE": "https://www.awin1.com/cread.php?awinmid=22338&awinaffid=1219038&ued=https%3A%2F%2Finfos.geers.de%2F",
    "linkAT": "",
    "linkCH": "",
    "linkWW": ""
  },
  {
    "name": "H&M",
    "category": "Mode, Bekleidung, Schuhe, Schmuck und Accessoires",
    "categoryId": "024",
    "logoImg": "h&m.png",
    "linkDE": "https://ad.admitad.com/g/hzlo6dpe2b5403f454b41b24ab9504",
    "linkAT": "https://ad.admitad.com/g/hzlo6dpe2b5403f454b41b24ab9504",
    "linkCH": "https://ad.admitad.com/g/hzlo6dpe2b5403f454b41b24ab9504",
    "linkWW": "https://ad.admitad.com/g/hzlo6dpe2b5403f454b41b24ab9504"
  },
  {
    "name": "Heine",
    "category": "Mode, Bekleidung, Schuhe, Schmuck und Accessoires",
    "categoryId": "024",
    "logoImg": "heine.png",
    "linkDE": "https://www.awin1.com/cread.php?awinmid=11597&awinaffid=1219038&ued=https%3A%2F%2Fwww.heine.de%2F",
    "linkAT": "https://www.awin1.com/cread.php?awinmid=18784&awinaffid=1219038&ued=https%3A%2F%2Fwww.heine.at%2F",
    "linkCH": "https://www.awin1.com/cread.php?awinmid=9287&awinaffid=1219038&ued=https%3A%2F%2Fwww.heine.ch%2F",
    "linkWW": ""
  },
  {
    "name": "Hempamed",
    "category": "Gesundheit und Pharmazie",
    "categoryId": "016",
    "logoImg": "hempamed.png",
    "linkDE": "https://t.adcell.com/click.php?bid=327222-104045",
    "linkAT": "https://t.adcell.com/click.php?bid=327222-104045",
    "linkCH": "https://t.adcell.com/click.php?bid=327222-104045",
    "linkWW": "https://t.adcell.com/click.php?bid=327222-104045"
  },
  {
    "name": "Hessnatur",
    "category": "Mode, Bekleidung, Schuhe, Schmuck und Accessoires",
    "categoryId": "024",
    "logoImg": "hessnatur.png",
    "linkDE": "https://www.awin1.com/cread.php?awinmid=14474&awinaffid=1219038&ued=https%3A%2F%2Fwww.hessnatur.com%2Fde%2F",
    "linkAT": "https://www.awin1.com/cread.php?awinmid=16555&awinaffid=1219038&ued=https%3A%2F%2Fwww.hessnatur.com%2Fat%2F",
    "linkCH": "",
    "linkWW": ""
  },
  {
    "name": "HolidayCheck",
    "category": "Reisen, Hotels und Tourismus",
    "categoryId": "027",
    "logoImg": "holidaycheck.png",
    "linkDE": "https://www.awin1.com/cread.php?awinmid=13877&awinaffid=1219038&ued=https%3A%2F%2Fwww.holidaycheck.de%2F",
    "linkAT": "https://www.awin1.com/cread.php?awinmid=13877&awinaffid=1219038&ued=https%3A%2F%2Fwww.holidaycheck.de%2F",
    "linkCH": "https://www.awin1.com/cread.php?awinmid=13877&awinaffid=1219038&ued=https%3A%2F%2Fwww.holidaycheck.de%2F",
    "linkWW": ""
  },
  {
    "name": "Hotelshop",
    "category": "Gastronomie und Hotelleriebedarf",
    "categoryId": "014",
    "logoImg": "hotelshop.png",
    "linkDE": "https://t.adcell.com/click.php?bid=195809-104045",
    "linkAT": "https://t.adcell.com/click.php?bid=195809-104045",
    "linkCH": "https://t.adcell.com/click.php?bid=195809-104045",
    "linkWW": "https://t.adcell.com/click.php?bid=195809-104045"
  },
  {
    "name": "HRS",
    "category": "Reisen, Hotels und Tourismus",
    "categoryId": "027",
    "logoImg": "hrs.png",
    "linkDE": "https://www.awin1.com/cread.php?awinmid=15152&awinaffid=1219038&ued=https%3A%2F%2Fwww.hrs.de%2F%3Futm_campaign%3Dafs_de-at_15152_hrs_linkbuilder_%21%21%21affid%21%21%21%26utm_content%3Dub002%26utm_term%3Dafs_de-at_%21%21%21affid%21%21%21%26utm_id%3Dafsawin34%26extcmp%3Dafs-16702_awin-hrs_de_at_linkbuilder%26customerid%3D1076835001",
    "linkAT": "https://www.awin1.com/cread.php?awinmid=15152&awinaffid=1219038&ued=https%3A%2F%2Fwww.hrs.de%2F%3Futm_campaign%3Dafs_de-at_15152_hrs_linkbuilder_%21%21%21affid%21%21%21%26utm_content%3Dub002%26utm_term%3Dafs_de-at_%21%21%21affid%21%21%21%26utm_id%3Dafsawin34%26extcmp%3Dafs-16702_awin-hrs_de_at_linkbuilder%26customerid%3D1076835001",
    "linkCH": "https://www.awin1.com/cread.php?awinmid=15149&awinaffid=1219038&ued=https%3A%2F%2Fwww.hrs.com%2F%3Futm_campaign%3Dafs_ch_15149_hrs_linkbuilder_%21%21%21affid%21%21%21%26utm_content%3Dub002%26utm_term%3Dafs_ch_%21%21%21affid%21%21%21%26utm_id%3Dafsawin28%26extcmp%3Dafs-16747_awin-hrs_ch_linkbuilder%26customerid%3D1076835002",
    "linkWW": "https://www.awin1.com/cread.php?awinmid=15149&awinaffid=1219038&ued=https%3A%2F%2Fwww.hrs.com%2F%3Futm_campaign%3Dafs_ch_15149_hrs_linkbuilder_%21%21%21affid%21%21%21%26utm_content%3Dub002%26utm_term%3Dafs_ch_%21%21%21affid%21%21%21%26utm_id%3Dafsawin28%26extcmp%3Dafs-16747_awin-hrs_ch_linkbuilder%26customerid%3D1076835002"
  },
  {
    "name": "HSE 24",
    "category": "Universalhändler und Generalisten",
    "categoryId": "034",
    "logoImg": "hse 24.png",
    "linkDE": "https://clk.tradedoubler.com/click?p=262175&a=3292679&url=https%3A%2F%2Fwww.hse.de%2F",
    "linkAT": "https://clk.tradedoubler.com/click?p=262175&a=3292679&url=https%3A%2F%2Fwww.hse.de%2F",
    "linkCH": "https://clk.tradedoubler.com/click?p=262175&a=3292679&url=https%3A%2F%2Fwww.hse.de%2F",
    "linkWW": ""
  },
  {
    "name": "Idealo",
    "category": "Vergleichsportale",
    "categoryId": "035",
    "logoImg": "idealo.png",
    "linkDE": "https://www.awin1.com/cread.php?awinmid=15536&awinaffid=1219038&ued=https%3A%2F%2Fwww.idealo.de%2F",
    "linkAT": "https://www.awin1.com/cread.php?awinmid=10457&awinaffid=1219038&ued=https%3A%2F%2Fwww.idealo.at%2F",
    "linkCH": "",
    "linkWW": ""
  },
  {
    "name": "JAKO-O",
    "category": "Mode, Bekleidung, Schuhe, Schmuck und Accessoires",
    "categoryId": "024",
    "logoImg": "jako-o.png",
    "linkDE": "https://www.awin1.com/cread.php?awinmid=14123&awinaffid=1219038&ued=https%3A%2F%2Fwww.jako-o.com%2Fde-de%2F",
    "linkAT": "",
    "linkCH": "",
    "linkWW": ""
  },
  {
    "name": "Lampenwelt",
    "category": "Smart Home",
    "categoryId": "030",
    "logoImg": "eon.png",
    "linkDE": "https://www.awin1.com/cread.php?awinmid=7619&awinaffid=1219038&ued=https%3A%2F%2Fwww.lampenwelt.de%2F",
    "linkAT": "https://www.awin1.com/cread.php?awinmid=9292&awinaffid=1219038&ued=https%3A%2F%2Fwww.lampenwelt.at%2F",
    "linkCH": "https://www.awin1.com/cread.php?awinmid=9373&awinaffid=1219038&ued=https%3A%2F%2Fwww.lampenwelt.ch%2F",
    "linkWW": ""
  },
  {
    "name": "Lichtblick",
    "category": "Versorgung und Energie",
    "categoryId": "037",
    "logoImg": "lichtblick.png",
    "linkDE": "https://www.awin1.com/cread.php?awinmid=19047&awinaffid=1219038&ued=https%3A%2F%2Fwww.lichtblick.de%2F",
    "linkAT": "",
    "linkCH": "",
    "linkWW": ""
  },
  {
    "name": "Mediashop",
    "category": "Universalhändler und Generalisten",
    "categoryId": "034",
    "logoImg": "mediashop.png",
    "linkDE": "https://www.awin1.com/cread.php?awinmid=14103&awinaffid=1219038&ued=https%3A%2F%2Fwww.mediashop.tv%2F",
    "linkAT": "https://www.awin1.com/cread.php?awinmid=14103&awinaffid=1219038&ued=https%3A%2F%2Fwww.mediashop.tv%2F",
    "linkCH": "https://www.awin1.com/cread.php?awinmid=25143&awinaffid=1219038&ued=https%3A%2F%2Fwww.mediashop.tv%2F%3F%26pl%3DCH",
    "linkWW": ""
  },
  {
    "name": "Meiers Weltreisen",
    "category": "Reisen, Hotels und Tourismus",
    "categoryId": "027",
    "logoImg": "meiers weltreisen.png",
    "linkDE": "https://www.awin1.com/cread.php?awinmid=9135&awinaffid=1219038&ued=https%3A%2F%2Fwww.meiers-weltreisen.de%2F",
    "linkAT": "https://www.awin1.com/cread.php?awinmid=9135&awinaffid=1219038&ued=https%3A%2F%2Fwww.meiers-weltreisen.de%2F",
    "linkCH": "https://www.awin1.com/cread.php?awinmid=9135&awinaffid=1219038&ued=https%3A%2F%2Fwww.meiers-weltreisen.de%2F",
    "linkWW": "https://www.awin1.com/cread.php?awinmid=9135&awinaffid=1219038&ued=https%3A%2F%2Fwww.meiers-weltreisen.de%2F"
  },
  {
    "name": "Mein schöner Garten",
    "category": "Garten, Pflanzen und Gartentechnik",
    "categoryId": "013",
    "logoImg": "mein schöner garten.png",
    "linkDE": "https://www.awin1.com/cread.php?awinmid=27814&awinaffid=1219038&ued=https%3A%2F%2Fshop.mein-schoener-garten.de%2F",
    "linkAT": "",
    "linkCH": "",
    "linkWW": ""
  },
  {
    "name": "MotorradreifenDirekt",
    "category": "Auto, Motorrad, Wohnmobil und Automobilität",
    "categoryId": "002",
    "logoImg": "motorradreifendirekt.png",
    "linkDE": "https://www.awin1.com/cread.php?awinmid=10445&awinaffid=1219038&ued=https%3A%2F%2Fwww.motorradreifendirekt.de%2F",
    "linkAT": "https://www.awin1.com/cread.php?awinmid=10422&awinaffid=1219038&ued=https%3A%2F%2Fwww.motorradreifendirekt.at%2F",
    "linkCH": "https://www.awin1.com/cread.php?awinmid=10670&awinaffid=1219038&ued=https%3A%2F%2Fwww.motorradreifendirekt.ch%2F",
    "linkWW": ""
  },
  {
    "name": "Myposter",
    "category": "Fotos und Fotobücher",
    "categoryId": "012",
    "logoImg": "myposter.png",
    "linkDE": "https://www.awin1.com/cread.php?awinmid=13451&awinaffid=1219038&ued=https%3A%2F%2Fwww.myposter.de%2F",
    "linkAT": "https://www.awin1.com/cread.php?awinmid=13479&awinaffid=1219038&ued=https%3A%2F%2Fwww.myposter.at%2F",
    "linkCH": "https://www.awin1.com/cread.php?awinmid=13452&awinaffid=1219038&ued=https%3A%2F%2Fwww.myposter.ch%2F",
    "linkWW": ""
  },
  {
    "name": "MyTime",
    "category": "Lebensmittel und Getränke",
    "categoryId": "023",
    "logoImg": "mytime.png",
    "linkDE": "https://cdn.retailads.net/tc.php?t=152558C2208134961T",
    "linkAT": "",
    "linkCH": "",
    "linkWW": ""
  },
  {
    "name": "MyToys",
    "category": "Babys, Kinder und Spielzeug",
    "categoryId": "003",
    "logoImg": "my toys.png",
    "linkDE": "https://www.awin1.com/cread.php?awinmid=13942&awinaffid=1219038&ued=https%3A%2F%2Fwww.mytoys.de%2F",
    "linkAT": "https://www.awin1.com/cread.php?awinmid=13942&awinaffid=1219038&ued=https%3A%2F%2Fwww.mytoys.de%2F",
    "linkCH": "https://www.awin1.com/cread.php?awinmid=13942&awinaffid=1219038&ued=https%3A%2F%2Fwww.mytoys.de%2F",
    "linkWW": "https://www.awin1.com/cread.php?awinmid=13942&awinaffid=1219038&ued=https%3A%2F%2Fwww.mytoys.de%2F"
  },
  {
    "name": "Netto",
    "category": "Lebensmittel und Getränke",
    "categoryId": "023",
    "logoImg": "netto.png",
    "linkDE": "https://www.awin1.com/cread.php?awinmid=13812&awinaffid=1219038&ued=https%3A%2F%2Fwww.netto-online.de%2F",
    "linkAT": "",
    "linkCH": "",
    "linkWW": ""
  },
  {
    "name": "NewChic",
    "category": "Mode, Bekleidung, Schuhe, Schmuck und Accessoires",
    "categoryId": "024",
    "logoImg": "newchic.png",
    "linkDE": "https://Newchic.vip/13sH7",
    "linkAT": "https://Newchic.vip/13sH7",
    "linkCH": "https://Newchic.vip/13sH7",
    "linkWW": "https://Newchic.vip/13sH7"
  },
  {
    "name": "Notebooksbilliger",
    "category": "Technik, Elektronik, Foto & Computer",
    "categoryId": "032",
    "logoImg": "notebooksbilliger.png",
    "linkDE": "https://www.awin1.com/cread.php?awinmid=11348&awinaffid=1219038&ued=https%3A%2F%2Fwww.notebooksbilliger.de%2F",
    "linkAT": "https://www.awin1.com/cread.php?awinmid=11348&awinaffid=1219038&ued=https%3A%2F%2Fwww.notebooksbilliger.de%2F",
    "linkCH": "",
    "linkWW": ""
  },
  {
    "name": "Nova Motors",
    "category": "Fahrräder, Scooter, Roller, E-Bikes, Radsport",
    "categoryId": "010",
    "logoImg": "nova-motors.png",
    "linkDE": "https://www.awin1.com/cread.php?awinmid=20355&awinaffid=1219038&ued=https%3A%2F%2Fwww.nova-motors.de%2F",
    "linkAT": "",
    "linkCH": "",
    "linkWW": ""
  },
  {
    "name": "Office-Discount",
    "category": "Büro und Homeoffice",
    "categoryId": "008",
    "logoImg": "office discount.png",
    "linkDE": "https://www.awin1.com/cread.php?awinmid=13636&awinaffid=1219038&ued=https%3A%2F%2Fwww.office-discount.de%2F",
    "linkAT": "https://www.awin1.com/cread.php?awinmid=13636&awinaffid=1219038&ued=https%3A%2F%2Fwww.office-discount.at%2F",
    "linkCH": "",
    "linkWW": ""
  },
  {
    "name": "Office-Partner",
    "category": "Büro und Homeoffice",
    "categoryId": "008",
    "logoImg": "office-partner.png",
    "linkDE": "https://www.awin1.com/cread.php?awinmid=14611&awinaffid=1219038&ued=https%3A%2F%2Fwww.office-partner.de%2F",
    "linkAT": "",
    "linkCH": "",
    "linkWW": ""
  },
  {
    "name": "Ohne-Makler",
    "category": "Immobilien und Grundstücke",
    "categoryId": "020",
    "logoImg": "ohne-makler.png",
    "linkDE": "https://www.awin1.com/cread.php?awinmid=13450&awinaffid=1219038&ued=https%3A%2F%2Fwww.ohne-makler.net%2F",
    "linkAT": "",
    "linkCH": "",
    "linkWW": ""
  },
  {
    "name": "Orion",
    "category": "Singlebörse und mehr",
    "categoryId": "029",
    "logoImg": "orion.png",
    "linkDE": "https://www.awin1.com/cread.php?awinmid=11661&awinaffid=1219038&ued=https%3A%2F%2Fwww.orion.de%2F",
    "linkAT": "https://www.awin1.com/cread.php?awinmid=14953&awinaffid=1219038&ued=https%3A%2F%2Fwww.orion.at%2F",
    "linkCH": "https://www.awin1.com/cread.php?awinmid=16549&awinaffid=1219038&ued=https%3A%2F%2Fwww.orionversand.ch%2F",
    "linkWW": ""
  },
  {
    "name": "OUTLETCITY",
    "category": "Mode, Bekleidung, Schuhe, Schmuck und Accessoires",
    "categoryId": "024",
    "logoImg": "outletcity.png",
    "linkDE": "https://www.awin1.com/cread.php?awinmid=14929&awinaffid=1219038&ued=https%3A%2F%2Fwww.outletcity.com%2Fde-de%2Fshop%2F",
    "linkAT": "https://www.awin1.com/cread.php?awinmid=13629&awinaffid=1219038&ued=https%3A%2F%2Fwww.outletcity.com%2Fat-de%2Fshop%2F",
    "linkCH": "https://www.awin1.com/cread.php?awinmid=13892&awinaffid=1219038&ued=https%3A%2F%2Fwww.outletcity.com%2Fch-de%2Fshop%2F",
    "linkWW": ""
  },
  {
    "name": "Parship",
    "category": "Singlebörse und mehr",
    "categoryId": "029",
    "logoImg": "parship.png",
    "linkDE": "https://www.awin1.com/cread.php?awinmid=11524&awinaffid=1219038",
    "linkAT": "https://www.awin1.com/cread.php?awinmid=11491&awinaffid=1219038",
    "linkCH": "https://www.awin1.com/cread.php?awinmid=11524&awinaffid=1219038",
    "linkWW": ""
  },
  {
    "name": "Poco",
    "category": "Wohnen, Möbel, Küche, Bad, Schlafzimmer und Haushalt",
    "categoryId": "038",
    "logoImg": "poco.png",
    "linkDE": "https://www.awin1.com/cread.php?awinmid=16021&awinaffid=1219038&ued=https%3A%2F%2Fwww.poco.de%2F",
    "linkAT": "",
    "linkCH": "",
    "linkWW": ""
  },
  {
    "name": "Porta",
    "category": "Wohnen, Möbel, Küche, Bad, Schlafzimmer und Haushalt",
    "categoryId": "038",
    "logoImg": "porta.png",
    "linkDE": "https://track.webgains.com/click.html?wgcampaignid=1647960&wgprogramid=278855&wgtarget=https://porta.de/",
    "linkAT": "",
    "linkCH": "",
    "linkWW": ""
  },
  {
    "name": "Printus",
    "category": "Büro und Homeoffice",
    "categoryId": "008",
    "logoImg": "printus.png",
    "linkDE": "https://www.awin1.com/cread.php?awinmid=13904&awinaffid=1219038&ued=https%3A%2F%2Fwww.printus.de%2F",
    "linkAT": "",
    "linkCH": "",
    "linkWW": ""
  },
  {
    "name": "QVC",
    "category": "Universalhändler und Generalisten",
    "categoryId": "034",
    "logoImg": "qvc.png",
    "linkDE": "https://partner.qvc.de/tc.php?t=124147C1537000000D&subid=&deeplink=https%3A%2F%2Fwirzeigenherz.eu%2F",
    "linkAT": "https://partner.qvc.de/tc.php?t=124147C1537000000D&subid=&deeplink=https%3A%2F%2Fwirzeigenherz.eu%2F",
    "linkCH": "https://partner.qvc.de/tc.php?t=124147C1537000000D&subid=&deeplink=https%3A%2F%2Fwirzeigenherz.eu%2F",
    "linkWW": ""
  },
  {
    "name": "ReifenDirekt",
    "category": "Auto, Motorrad, Wohnmobil und Automobilität",
    "categoryId": "002",
    "logoImg": "reifendirekt.png",
    "linkDE": "https://www.awin1.com/cread.php?awinmid=11823&awinaffid=1219038&ued=https%3A%2F%2Fwww.reifendirekt.de%2F",
    "linkAT": "https://www.awin1.com/cread.php?awinmid=11637&awinaffid=1219038&ued=https%3A%2F%2Fwww.reifendirekt.at%2F",
    "linkCH": "https://www.awin1.com/cread.php?awinmid=10668&awinaffid=1219038&ued=https%3A%2F%2Fwww.reifendirekt.ch%2F",
    "linkWW": ""
  },
  {
    "name": "RoseBikes",
    "category": "Fahrräder, Scooter, Roller, E-Bikes, Radsport",
    "categoryId": "010",
    "logoImg": "rosebikes.png",
    "linkDE": "https://www.awin1.com/cread.php?awinmid=11768&awinaffid=1219038&ued=https%3A%2F%2Fwww.rosebikes.de%2F",
    "linkAT": "https://www.awin1.com/cread.php?awinmid=11768&awinaffid=1219038&ued=https%3A%2F%2Fwww.rosebikes.de%2F",
    "linkCH": "",
    "linkWW": ""
  },
  {
    "name": "Sanicare",
    "category": "Gesundheit und Pharmazie",
    "categoryId": "016",
    "logoImg": "sanicare.png",
    "linkDE": "https://www.awin1.com/cread.php?awinmid=14467&awinaffid=1219038&ued=https%3A%2F%2Fwww.sanicare.de%2F",
    "linkAT": "https://www.awin1.com/cread.php?awinmid=14467&awinaffid=1219038&ued=https%3A%2F%2Fwww.sanicare.de%2F",
    "linkCH": "https://www.awin1.com/cread.php?awinmid=14467&awinaffid=1219038&ued=https%3A%2F%2Fwww.sanicare.de%2F",
    "linkWW": "https://www.awin1.com/cread.php?awinmid=14467&awinaffid=1219038&ued=https%3A%2F%2Fwww.sanicare.de%2F"
  },
  {
    "name": "Sinful",
    "category": "Singlebörse und mehr",
    "categoryId": "029",
    "logoImg": "sinful.png",
    "linkDE": "https://www.awin1.com/cread.php?awinmid=28605&awinaffid=1219038&ued=https%3A%2F%2Fwww.sinful.de%2F",
    "linkAT": "https://www.awin1.com/cread.php?awinmid=28607&awinaffid=1219038&ued=https%3A%2F%2Fwww.sinful.at%2F",
    "linkCH": "https://www.awin1.com/cread.php?awinmid=28609&awinaffid=1219038&ued=https%3A%2F%2Fwww.sinful.ch%2F",
    "linkWW": ""
  },
  {
    "name": "Smava",
    "category": "Geld, Finanzen, Recht, Steuern und Versicherung",
    "categoryId": "015",
    "logoImg": "smava.png",
    "linkDE": "https://www.awin1.com/cread.php?awinmid=9351&awinaffid=1219038&ued=https%3A%2F%2Fwww.smava.de%2F",
    "linkAT": "",
    "linkCH": "",
    "linkWW": ""
  },
  {
    "name": "Snipes",
    "category": "Mode, Bekleidung, Schuhe, Schmuck und Accessoires",
    "categoryId": "024",
    "logoImg": "snipes.png",
    "linkDE": "https://www.awin1.com/cread.php?awinmid=15055&awinaffid=1219038&ued=https%3A%2F%2Fwww.snipes.com%2F",
    "linkAT": "https://www.awin1.com/cread.php?awinmid=16281&awinaffid=1219038&ued=https%3A%2F%2Fwww.snipes.at%2F",
    "linkCH": "https://www.awin1.com/cread.php?awinmid=18182&awinaffid=1219038&ued=https%3A%2F%2Fwww.snipes.ch%2F",
    "linkWW": ""
  },
  {
    "name": "Tamaris",
    "category": "Mode, Bekleidung, Schuhe, Schmuck und Accessoires",
    "categoryId": "024",
    "logoImg": "tamaris.png",
    "linkDE": "https://www.awin1.com/cread.php?awinmid=14500&awinaffid=1219038&ued=https%3A%2F%2Ftamaris.com%2Fde-DE%2F",
    "linkAT": "https://www.awin1.com/cread.php?awinmid=16485&awinaffid=1219038&ued=https%3A%2F%2Ftamaris.com%2Fde-AT%2F",
    "linkCH": "",
    "linkWW": ""
  },
  {
    "name": "Tarifcheck",
    "category": "Geld, Finanzen, Recht, Steuern und Versicherung",
    "categoryId": "015",
    "logoImg": "tarifcheck.png",
    "linkDE": "https://www.awin1.com/cread.php?awinmid=11202&awinaffid=1219038",
    "linkAT": "",
    "linkCH": "",
    "linkWW": ""
  },
  {
    "name": "tausendkind",
    "category": "Babys, Kinder und Spielzeug",
    "categoryId": "003",
    "logoImg": "tausendkind.png",
    "linkDE": "https://www.awin1.com/cread.php?awinmid=14965&awinaffid=1219038&ued=https%3A%2F%2Fwww.tausendkind.de%2F",
    "linkAT": "https://www.awin1.com/cread.php?awinmid=14117&awinaffid=1219038&ued=https%3A%2F%2Fwww.tausendkind.ch%2F",
    "linkCH": "",
    "linkWW": ""
  },
  {
    "name": "Telekom",
    "category": "Telefonie, Internet, Fernsehen und Hosting",
    "categoryId": "033",
    "logoImg": "telekom.png",
    "linkDE": "https://www.awin1.com/cread.php?awinmid=11430&awinaffid=1219038",
    "linkAT": "",
    "linkCH": "",
    "linkWW": ""
  },
  {
    "name": "Tennis Point",
    "category": "Sport und Fitness",
    "categoryId": "031",
    "logoImg": "tennis point.png",
    "linkDE": "https://www.awin1.com/cread.php?awinmid=10984&awinaffid=1219038&ued=https%3A%2F%2Fwww.tennis-point.de%2F",
    "linkAT": "https://www.awin1.com/cread.php?awinmid=18436&awinaffid=1219038&ued=https%3A%2F%2Fwww.tennis-point.at%2F",
    "linkCH": "https://www.awin1.com/cread.php?awinmid=14748&awinaffid=1219038&ued=https%3A%2F%2Fwww.tennis-point.ch%2F",
    "linkWW": ""
  },
  {
    "name": "Tink",
    "category": "Smart Home",
    "categoryId": "030",
    "logoImg": "tink.png",
    "linkDE": "https://www.awin1.com/cread.php?awinmid=13686&awinaffid=1219038&ued=https%3A%2F%2Fwww.tink.de%2F",
    "linkAT": "https://www.awin1.com/cread.php?awinmid=19655&awinaffid=1219038&ued=https%3A%2F%2Fwww.tink.at%2F",
    "linkCH": "",
    "linkWW": ""
  },
  {
    "name": "TUI Cruises",
    "category": "Reisen, Hotels und Tourismus",
    "categoryId": "027",
    "logoImg": "tui cruises.png",
    "linkDE": "https://www.awin1.com/cread.php?awinmid=9127&awinaffid=1219038&ued=https%3A%2F%2Fwww.meinschiff.com%2F",
    "linkAT": "",
    "linkCH": "",
    "linkWW": ""
  },
  {
    "name": "Verivox",
    "category": "Geld, Finanzen, Recht, Steuern und Versicherung",
    "categoryId": "015",
    "logoImg": "verivox.png",
    "linkDE": "https://www.awin1.com/cread.php?awinmid=14797&awinaffid=1219038",
    "linkAT": "",
    "linkCH": "",
    "linkWW": ""
  },
  {
    "name": "Viking",
    "category": "Büro und Homeoffice",
    "categoryId": "008",
    "logoImg": "viking.png",
    "linkDE": "https://prf.hn/click/camref:1101luBEQ",
    "linkAT": "https://prf.hn/click/camref:1011luDUq",
    "linkCH": "https://prf.hn/click/camref:1100luBmX",
    "linkWW": ""
  },
  {
    "name": "WaipuTV",
    "category": "Telefonie, Internet, Fernsehen und Hosting",
    "categoryId": "033",
    "logoImg": "waipu tv.png",
    "linkDE": "https://ndirect.ppro.de/click/cE0F",
    "linkAT": "https://ndirect.ppro.de/click/cE0F",
    "linkCH": "https://ndirect.ppro.de/click/cE0F",
    "linkWW": ""
  },
  {
    "name": "Walbusch",
    "category": "Mode, Bekleidung, Schuhe, Schmuck und Accessoires",
    "categoryId": "024",
    "logoImg": "walbusch.png",
    "linkDE": "https://www.awin1.com/cread.php?awinmid=10988&awinaffid=1219038&ued=https%3A%2F%2Fwww.walbusch.de%2F",
    "linkAT": "https://www.awin1.com/cread.php?awinmid=14246&awinaffid=1219038&ued=https%3A%2F%2Fwww.walbusch.at%2F",
    "linkCH": "https://www.awin1.com/cread.php?awinmid=14483&awinaffid=1219038&ued=https%3A%2F%2Fwww.walbusch.ch%2F",
    "linkWW": ""
  },
  {
    "name": "Waschbär",
    "category": "Mode, Bekleidung, Schuhe, Schmuck und Accessoires",
    "categoryId": "024",
    "logoImg": "waschbaer.png",
    "linkDE": "https://www.awin1.com/cread.php?awinmid=15084&awinaffid=1219038&ued=https%3A%2F%2Fwww.waschbaer.de%2Fshop%2F",
    "linkAT": "https://www.awin1.com/cread.php?awinmid=15084&awinaffid=1219038&ued=https%3A%2F%2Fwww.waschbaer.de%2Fshop%2F",
    "linkCH": "https://www.awin1.com/cread.php?awinmid=15084&awinaffid=1219038&ued=https%3A%2F%2Fwww.waschbaer.de%2Fshop%2F",
    "linkWW": ""
  },
  {
    "name": "Weltbild",
    "category": "Bücher, Zeitschriften, Hörbücher und E-Books",
    "categoryId": "007",
    "logoImg": "weltbild.png",
    "linkDE": "https://www.awin1.com/cread.php?awinmid=22466&awinaffid=1219038&ued=https%3A%2F%2Fwww.weltbild.de%2F",
    "linkAT": "https://www.awin1.com/cread.php?awinmid=22466&awinaffid=1219038&ued=https%3A%2F%2Fwww.weltbild.de%2F",
    "linkCH": "https://www.awin1.com/cread.php?awinmid=22466&awinaffid=1219038&ued=https%3A%2F%2Fwww.weltbild.de%2F",
    "linkWW": ""
  },
  {
    "name": "Westfalia",
    "category": "Baumarkt, Werkzeuge und Baustoffe",
    "categoryId": "004",
    "logoImg": "westfalia.png",
    "linkDE": "https://www.awin1.com/cread.php?awinmid=11508&awinaffid=1219038",
    "linkAT": "https://www.awin1.com/cread.php?awinmid=12799&awinaffid=1219038",
    "linkCH": "https://www.awin1.com/cread.php?awinmid=11976&awinaffid=1219038",
    "linkWW": ""
  },
  {
    "name": "Wir kaufen dein Auto",
    "category": "Auto, Motorrad, Wohnmobil und Automobilität",
    "categoryId": "002",
    "logoImg": "wirkaufendeinauto.png",
    "linkDE": "https://www.awin1.com/cread.php?awinmid=7638&awinaffid=1219038&ued=https%3A%2F%2Fwww.wirkaufendeinauto.de%2F",
    "linkAT": "https://www.awin1.com/cread.php?awinmid=10538&awinaffid=1219038&ued=https%3A%2F%2Fwww.wirkaufendeinauto.at%2F",
    "linkCH": "",
    "linkWW": ""
  },
  {
    "name": "Yello",
    "category": "Versorgung und Energie",
    "categoryId": "037",
    "logoImg": "yello.png",
    "linkDE": "https://www.awin1.com/cread.php?awinmid=11433&awinaffid=1219038&ued=https%3A%2F%2Fwww.yello.de%2F",
    "linkAT": "",
    "linkCH": "",
    "linkWW": ""
  },
  {
    "name": "Zooplus",
    "category": "Haustiere und Tierbedarf",
    "categoryId": "019",
    "logoImg": "zooplus.png",
    "linkDE": "https://www.awin1.com/cread.php?awinmid=11330&awinaffid=1219038&ued=https%3A%2F%2Fwww.zooplus.de%2F",
    "linkAT": "https://www.awin1.com/cread.php?awinmid=23924&awinaffid=1219038&ued=https%3A%2F%2Fwww.zooplus.at%2F",
    "linkCH": "https://www.awin1.com/cread.php?awinmid=16541&awinaffid=1219038&ued=https%3A%2F%2Fwww.zooplus.ch%2F",
    "linkWW": ""
  },
  {
    "name": "Ulla Popken",
    "category": "Mode, Bekleidung, Schuhe, Schmuck und Accessoires",
    "categoryId": "024",
    "logoImg": "ulla popken.png",
    "linkDE": "https://www.awin1.com/cread.php?awinmid=14244&awinaffid=1219038&ued=https%3A%2F%2Fwww.ullapopken.de%2Fde%2F",
    "linkAT": "https://www.awin1.com/cread.php?awinmid=14244&awinaffid=1219038&ued=https%3A%2F%2Fwww.ullapopken.de%2Fde%2F",
    "linkCH": "",
    "linkWW": ""
  },
  {
    "name": "Blubberoase",
    "category": "Shiha, Tabak und Zubehör",
    "categoryId": "028",
    "logoImg": "blubberoase.png",
    "linkDE": "https://neso.r.niwepa.com/ts/i5536407/tsc?amc=con.blbn.505844.516512.14440016&rmd=3&trg=https://www.blubber-oase.de",
    "linkAT": "https://neso.r.niwepa.com/ts/i5536407/tsc?amc=con.blbn.505844.516512.14440016&rmd=3&trg=https://www.blubber-oase.de",
    "linkCH": "https://neso.r.niwepa.com/ts/i5536407/tsc?amc=con.blbn.505844.516512.14440016&rmd=3&trg=https://www.blubber-oase.de",
    "linkWW": "https://neso.r.niwepa.com/ts/i5536407/tsc?amc=con.blbn.505844.516512.14440016&rmd=3&trg=https://www.blubber-oase.de"
  },
  {
    "name": "Computeruniverse",
    "category": "Technik, Elektronik, Foto & Computer",
    "categoryId": "032",
    "logoImg": "computeruniverse.png",
    "linkDE": "https://www.awin1.com/cread.php?awinmid=11355&awinaffid=1219038&ued=https%3A%2F%2Fwww.computeruniverse.net%2Fde",
    "linkAT": "https://www.awin1.com/cread.php?awinmid=11355&awinaffid=1219038&ued=https%3A%2F%2Fwww.computeruniverse.net%2Fde",
    "linkCH": "https://www.awin1.com/cread.php?awinmid=11355&awinaffid=1219038&ued=https%3A%2F%2Fwww.computeruniverse.net%2Fde",
    "linkWW": "https://www.awin1.com/cread.php?awinmid=11355&awinaffid=1219038&ued=https%3A%2F%2Fwww.computeruniverse.net%2Fde"
  },
  {
    "name": "Globetrotter",
    "category": "Outdoor und Camping",
    "categoryId": "025",
    "logoImg": "globetrotter.png",
    "linkDE": "https://www.globetrotter.de/?utm_source=PTID13012969",
    "linkAT": "https://www.globetrotter.de/?utm_source=PTID13012969",
    "linkCH": "",
    "linkWW": ""
  },
  {
    "name": "Tempur",
    "category": "Betten, Matratzen und mehr",
    "categoryId": "006",
    "logoImg": "tempur.png",
    "linkDE": "https://www.awin1.com/cread.php?awinmid=16657&awinaffid=1219038&ued=https%3A%2F%2Fde.tempur.com%2F",
    "linkAT": "https://www.awin1.com/cread.php?awinmid=41158&awinaffid=1219038&ued=https%3A%2F%2Fat.tempur.com%2F",
    "linkCH": "https://www.awin1.com/cread.php?awinmid=41186&awinaffid=1219038&ued=https%3A%2F%2Fch.tempur.com%2F",
    "linkWW": ""
  },
  {
    "name": "CEWE Fotobuch",
    "category": "Fotos und Fotobücher",
    "categoryId": "012",
    "logoImg": "cewe fotobuch.png",
    "linkDE": "https://www.awin1.com/cread.php?awinmid=14218&awinaffid=1219038&ued=https%3A%2F%2Fwww.cewe.de%2F",
    "linkAT": "",
    "linkCH": "",
    "linkWW": ""
  }
]
